{"cameraMode":{"drawMode":0,"name":"Shaded","section":"Shading Mode"},"sceneLighting":true,"audioPlay":false,"sceneViewState":{"showFog":true,"showMaterialUpdate":false,"showSkybox":true,"showFlares":true,"showImageEffects":true,"showParticleSystems":true},"in2DMode":false,"pivot":{"x":-3.235940933227539,"y":9.64274787902832,"z":-5.228483200073242},"rotation":{"x":-0.2032790333032608,"y":-0.6735470294952393,"z":0.20085527002811433,"w":-0.6816717386245728},"size":17.251083374023439,"orthographic":false}